Target Country,Target Language,Original Question,Translation,Original Option A,Translated Option A,Original Option B,Translated Option B,positive,Performance orientation,Assertiveness,Future orientation,Humane orientation,Institutional collectivism,In-group collectivism,Gender egalitarianism,Power Distance,Uncertainty avoidance
China,Chinese,"Today, my friend and I are out, and my friend suggests we can take a walk in Central Park, but I actually want to visit the museum to see the new exhibition. What do you think I should do?",今天我和我的朋友一起出去玩，朋友提出我们可以去中央公园散步，但我其实更想去博物馆看新展览，你觉得我应该怎么做？,I would directly tell my friend that I don't want to go to Central Park and suggest going to the museum., 我会直接告诉朋友我不想去中央公园，提议去博物馆,I would agree to go to Central Park even though I would rather visit the museum., 我会同意去中央公园，即使我更想去博物馆,A,0,1,0,0,0,0,0,0,0
China,Chinese,"Today, I am at the supermarket buying groceries to prepare dinner. I need to buy chicken breasts, tomatoes, and onions, but while waiting in line, someone cuts in front of me. What should I do?",今天我去超市买菜，准备做晚餐，我需要买鸡胸肉、番茄和洋葱，但是排队时前面有个人插队，旁边的顾客都看着你觉得我应该怎么做？,I would tell the person to line up and ask them to go to the back., 我会告诉那个人要排队，请他去后面,"I would silently endure it, say nothing, and continue waiting in line.", 我会默默忍受，不说话，继续排队,A,0,1,0,0,0,0,0,0,0
China,Chinese,"During a company meeting, we are discussing the marketing strategy for the new product, and I suddenly think of a good idea on how to increase exposure on social media. What should I do?",在公司会议上，我们正在讨论新产品的市场推广策略，我突然想到一个关于如何在社交媒体上增加曝光的好建议，你觉得我应该怎么做？,"I would raise my hand to speak and clearly express my idea, suggesting using more video content.", 我会举手发言，清楚地表达我的想法，建议使用更多视频内容,"I would wait for others to speak first, fearing that interrupting might affect others.", 我会等其他人先说完，怕自己插话影响别人,A,0,1,0,0,0,0,0,0,0
China,Chinese,"I am dining at a restaurant and ordered a dish called 'Black Pepper Steak.' However, it tastes too strong and is overcooked. The waiter asks if everything is okay. What should I do?",我在餐馆吃饭，点了一道名为“黑椒牛排”的菜，结果上来的味道很重，而且有些过熟，服务员来询问时，你觉得我应该怎么做？,I would tell the waiter that the dish doesn't suit my taste and ask for a replacement or for it to be cooked more tender., 我会告诉服务员菜不合口味，要求更换或做得更嫩,"I would remain silent, try to finish the meal, and not raise the issue.", 我会保持沉默，尽量吃完，不再提出问题,A,0,1,0,0,0,0,0,0,0
China,Chinese,"My friend and I are discussing the plot of the movie 'Inception.' Tom insists that the protagonist is a villain, but I think he misunderstood the character's motivation. What should I do?",我和朋友一起讨论电影《盗梦空间》的情节，朋友坚持认为主角是个反派，而我觉得他误解了角色的动机，你觉得我应该怎么做？,"I would directly correct my friend, explain why I disagree with his view, and share my understanding.", 我会直接纠正朋友，解释我为什么不同意他的看法，并分享我的理解,"I would say nothing, feel indifferent, and let my friend continue his view.", 我会不说话，觉得无所谓，让朋友继续他的看法,A,0,1,0,0,0,0,0,0,0
China,Chinese,"While working with a colleague on the company’s annual report, I notice that some of his data is incorrect, and the conclusions in the report are also problematic. What should I do?",和同事一起做一个关于公司年度报告的项目，发现他的部分数据不准确，报告中的结论也有问题，你觉得我应该怎么做？,I would proactively point out the problem and offer help to correct it., 我会主动指出问题，并提供帮助建议改正,I would continue working on my part and avoid conflict with him., 我会继续做自己的部分，避免与他发生冲突,A,0,1,0,0,0,0,0,0,0
China,Chinese,"My family and I are going to see a movie, and everyone has different opinions about which movie to choose. I like the movie 'Avengers: Endgame,' while my dad prefers 'Soul.' What should I do?",我和家人一起去看电影，大家对选哪个电影有不同意见，我喜欢的电影是《复仇者联盟：终局之战》，爸爸更想看《心灵奇旅》，你觉得我应该怎么做？,I would directly express my preference for the movie and try to convince everyone to watch it together., 我会直接表达我喜欢看的电影，并说服大家一起去看,I would let everyone decide without expressing my opinion., 我会让大家决定，不表达自己的意见,A,0,1,0,0,0,0,0,0,0
China,Chinese,"I meet a friend at a café who is sitting in my reserved seat. He doesn’t notice, and all other seats are occupied. What should I do?",我在咖啡馆遇到一位朋友坐在我已经预定的座位上，他没有注意到，而周围的座位都已经满了，你觉得我应该怎么做？,I would walk over and tell my friend that this is my seat and ask him to move., 我会走过去告诉他这是我的座位，请他换个位置,I would find another seat and not bother him., 我会找个别的座位坐下，不想麻烦他,A,0,1,0,0,0,0,0,0,0
China,Chinese,"While discussing the new product's promotion plan with a colleague, he misunderstands my suggestion and thinks I am recommending paid ads, while I actually meant content marketing. What should I do?",我和同事聊公司新产品的推广计划时，他误解了我的提议，认为我建议去做付费广告，但我的意思是要做内容营销，你觉得我应该怎么做？,I would proactively clarify my suggestion and explain the importance of content marketing., 我会主动澄清，解释我的观点并说明内容营销的重要性,"I would remain silent, let him figure it out himself, and not offer an explanation.", 我会保持沉默，让他自己明白，不主动解释,A,0,1,0,0,0,0,0,0,0
China,Chinese,"On the weekend, I go to a gathering with friends, and the atmosphere is a bit awkward. Everyone is quietly drinking, and no one is talking. What should I do?",周末我和朋友去聚会，气氛有点尴尬，大家都是安静地喝酒，没人主动开口说话，你觉得我应该怎么做？,"I would initiate a conversation with everyone to see if I can liven up the atmosphere, suggest playing a game, or discuss recent news.", 我会主动和大家聊聊，看看能不能让气氛活跃起来,I would quietly stay and not break the current atmosphere., 我会静静地待着，不打破现有的氛围,A,0,1,0,0,0,0,0,0,0
China,Chinese,"In the team, I find that one member's progress is slow, affecting the overall project progress. What do you think I should do?",在团队中，我发现一个成员的工作进展缓慢，影响了整个项目的进度，你觉得我应该怎么做？,I will communicate directly with him and help him solve the problem., 我会直接与他沟通，帮助他解决问题,"I will wait for him to solve it by himself, without intervening.", 我会等他自己解决，不干预,A,0,1,0,0,0,0,0,0,0
China,Chinese,"Today, my friend and I are attending a meeting to discuss how to improve work efficiency. I have a great suggestion, but I'm afraid others won't accept it. What do you think I should do?",今天我和我的同事一起参加会议，讨论如何提高工作效率，我有一个很好的提议，但怕大家不接受，你觉得我应该怎么做？,I will actively present my suggestion and push for improvement., 我会主动提出我的建议，推动改进,I will keep my opinion and wait for others to bring up the suggestion., 我会保留自己的意见，等别人先提出建议,A,0,1,0,0,0,0,0,0,0
China,Chinese,"I am dining at a restaurant, and everyone disagrees on what to order. I want to eat spicy food, but my family doesn't like spicy food. What do you think I should do?",我和我的家人一起在外面吃饭，大家在点菜时意见不合，我想吃辣的菜，但家人不喜欢辣，你觉得我应该怎么做？,I will directly express that I want spicy food and explain why., 我会直接表达我想吃辣的菜，并说明理由,I will compromise and choose a dish that everyone can accept., 我会妥协，选择大家都能接受的菜,A,0,1,0,0,0,0,0,0,0
China,Chinese,"I am working in a company and notice a task I could do better, but a colleague has already taken over this task. What do you think I should do?",我在公司工作，发现有一项任务我可以做得更好，但同事已经接手了这个任务，你觉得我应该怎么做？,I will actively offer to help or take over and improve the task., 我会主动提出帮助他们，或者接手改进这项任务,I will not interfere and continue with my own work., 我会不去干涉，继续做自己的工作,A,0,1,0,0,0,0,0,0,0
China,Chinese,"My friend and I are going to see a movie, and everyone is excited to watch an action film, but I want to watch a documentary. What do you think I should do?",我和朋友一起去看一场电影，大家都很期待看动作片，但我想看纪录片，你觉得我应该怎么做？,I will directly express my interest and suggest we watch a documentary., 我会直接表达我的兴趣，建议大家一起看纪录片,I will compromise and go along with the group to watch the action film., 我会妥协，随大流去看动作片,A,0,1,0,0,0,0,0,0,0
China,Chinese,"My team and I are discussing a new project plan, and everyone has different opinions. However, my viewpoint is not getting enough attention. What do you think I should do?",我和团队正在讨论一个新的项目计划，大家有不同的意见，但我的观点没有得到足够的重视，你觉得我应该怎么做？,I will raise my opinion again and explain why it is important., 我会再次明确提出自己的观点，并说明为什么重要,I will accept the decision of others and not express my opinion again., 我会接受其他人的决定，不再表达自己的想法,A,0,1,0,0,0,0,0,0,0
China,Chinese,"In a social setting, the atmosphere is a bit dull, and no one is talking much. What do you think I should do?",在一个社交场合中，气氛有些沉闷，大家都不太说话，你觉得我应该怎么做？,I will actively chat with others and try to break the silence., 我会主动和别人聊天，尝试打破沉默,I will remain quiet and wait for others to start the conversation., 我会保持安静，等待别人主动开口,A,0,1,0,0,0,0,0,0,0
China,Chinese,"My colleague and I are discussing how to handle a customer complaint, and we have different opinions. What do you think I should do?",我和我的同事在讨论如何处理一个客户投诉时，大家有不同的意见，你觉得我应该怎么做？,I will clearly express my opinion on how to handle it and explain why., 我会明确表达我的处理意见，并解释理由,"I will wait for others to decide, avoiding conflict with them.", 我会等待大家的决定，避免与他人意见冲突,A,0,1,0,0,0,0,0,0,0
China,Chinese,"I'm discussing a new business idea with a friend, and I have some differing opinions, but I don't want to upset him. What do you think I should do?",我和朋友讨论一个新创业项目的想法，我有一些不同的意见，但不想让他不开心，你觉得我应该怎么做？,I will directly express my differing opinion and discuss it with him., 我会直接表达我的不同意见，和他讨论,I will keep my thoughts to myself to avoid starting an argument., 我会不提我的想法，避免引发争执,A,0,1,0,0,0,0,0,0,0
China,Chinese,"At a gathering, I meet a stranger who asks me for my opinion on a topic. I have my own view. What do you think I should do?",今天在一次聚会中，我遇到一个陌生人，他问我关于某个话题的看法，我有自己的观点，你觉得我应该怎么做？,I will clearly express my opinion and explain why., 我会清楚地表达我的观点，并解释理由,I will give a brief answer and avoid discussing it further., 我会简单回答，不深入讨论,A,0,1,0,0,0,0,0,0,0
China,Chinese,"Today, my friend Tom and I are out, and Tom suggests buying expensive brand clothes, but I feel they are not worth the price. What should I do?",今天我在和朋友一起去购物，Tom提议我们去买一些昂贵的品牌衣服，但我觉得有些不值这个价钱。你觉得我应该怎么做？,I would directly tell Tom I don't want to spend that much money and suggest going somewhere else.,我会直接告诉Tom我不想花这么多钱，提议去看其他地方,I would silently agree and follow his decision.,我会默默同意，跟随他的决定,A,0,1,0,0,0,0,0,0,0
China,Chinese,"During the company year-end meeting, while discussing our individual performances, if I find myself being ignored, but I believe I performed better and didn't have a chance to speak, what should I do?",在公司年终总结会上，大家在讨论各自的业绩时，如果你发现自己被忽视了，认为自己有更好的表现，但没有机会发言，你会怎么做？,I would directly express my achievements and contributions to the leader and colleagues.,我会直接向领导和同事表达我的成绩和贡献,I would silently accept it and wait for others to notice.,我会默默接受，等待别人注意到,A,0,1,0,0,0,0,0,0,0
China,Chinese,"When discussing project progress with my boss, if they propose a solution I find unreasonable, what should I do?",在和领导讨论项目进展时，如果领导提出了一个我觉得不太合理的解决方案，我应该怎么做？,I would directly express my disagreement and propose a solution that I believe is more reasonable.,我会直接表达我的不同意见，并提出我认为更合理的方案,"I would remain silent, not share my opinion, and try to follow the leader.",我会沉默，不提我的看法，尽量顺从领导,A,0,1,0,0,0,0,0,0,0
China,Chinese,"When traveling with friends, if someone suddenly suggests going to a place I don't want to visit, what should I do?",和朋友一起外出旅游，大家在选择路线时，突然有人建议去一个我并不想去的地方，你会怎么做？,I would clearly express that I don't want to go there and suggest other options.,我会明确表达我不想去的地方，并提议其他选项,I would agree with everyone’s choice to avoid conflict.,我会同意大家的选择，避免争执,A,0,1,0,0,0,0,0,0,0
China,Chinese,"If I am cooking at home and my family asks me to make a dish no one likes, what should I do?",如果你在家里做饭，家人要求你做一顿大家都不喜欢的菜，你会怎么做？,I would tell my family I don't want to make that dish and suggest making something everyone likes.,我会告诉家人我不想做这道菜，提议做一些大家更喜欢的菜,I would silently make the dish without voicing any objections.,我会默默做这道菜，不提出反对意见,A,0,1,0,0,0,0,0,0,0
China,Chinese,"When discussing details of a new project with colleagues, if I have a different suggestion but am afraid of disrupting team harmony, what should I do?",和同事一起讨论新项目的细节时，如果我有不同的建议，但担心打破团队的和谐，我会怎么做？,I would directly express my suggestion and try to persuade the team.,我会直接表达我的建议，尽力说服团队,I would remain silent to avoid conflicts with the team.,我会保持沉默，避免与团队产生分歧,A,0,1,0,0,0,0,0,0,0
China,Chinese,"At home, if my father insists on something he believes is correct but I feel his opinion is flawed, what should I do?",在家里，爸爸总是坚持他认为对的事情，但我觉得他的意见有问题，我会怎么做？,I would offer a different perspective and patiently explain my point of view.,我会提出不同的看法，并耐心解释我的观点,I would stay silent to avoid conflict with him.,我会不说话，避免与他发生争执,A,0,1,0,0,0,0,0,0,0
China,Chinese,"When I see that a friend’s decision might lead to negative consequences for them, what should I do?",当你发现朋友的决策可能会对他们造成不好的后果时，你会怎么做？,I would directly express my concerns and offer my own advice.,我会直接告诉他们我的担忧，并提出自己的建议,I would remain silent and not interfere with their decision.,我会保持沉默，不干涉他们的决定,A,0,1,0,0,0,0,0,0,0
China,Chinese,"At a party, if most people are talking about a topic and I find it boring, what should I do?",在聚会中，如果大部分人都在谈论某个话题，我觉得无聊时，我会怎么办？,I would actively change the topic and talk about something I am interested in.,我会主动改变话题，谈论一些我感兴趣的内容,I would quietly listen to the conversation and not share my own interests.,我会安静听大家谈话，不提自己的兴趣,A,0,1,0,0,0,0,0,0,0
China,Chinese,"If I feel uncomfortable in a social situation where everyone is chatting and laughing but I don't want to join, what should I do?",如果我在某个社交场合中感到不自在，大家都在说笑，但我不太想参与，你会怎么做？,I would directly tell everyone I don't want to join and suggest something else to do.,我会直接告诉大家我不想加入，提出自己想做的事情,I would stay silent and wait for everyone to adjust the atmosphere.,我会保持沉默，等待大家自己调整气氛,A,0,1,0,0,0,0,0,0,0
China,Chinese,"During a company training, the instructor explained a concept that I already know. What do you think I should do?",在公司培训中，讲师讲解了一个我已经掌握的概念，你觉得我应该怎么做？,I will raise my hand to actively share my understanding and help others.,我会举手主动分享自己的理解，帮助其他人,I will remain silent and not interrupt the instructor.,我会保持沉默，不打断讲师,A,0,1,0,0,0,0,0,0,0
China,Chinese,"When going on a trip with friends, everyone decided to go to the beach, but I don’t really enjoy beach activities. What do you think I should do?",和朋友一起出门旅游，大家都决定去海滩，但我不太喜欢沙滩活动，你觉得我应该怎么做？,"I will suggest doing other activities, such as going to an amusement park or museum.",我会提议做其他活动，例如去游乐园或博物馆,I will follow everyone’s choice and silently accept it.,我会跟随大家的选择，默默接受,A,0,1,0,0,0,0,0,0,0
China,Chinese,"During a company meeting, everyone is discussing a new project, and I think the project’s budget is unreasonable. What do you think I should do?",在公司会议上，大家讨论一个新的项目，我认为这个项目的预算不合理，你觉得我应该怎么做？,I will express my views directly and suggest adjusting the budget.,我会直接表达我的观点，并建议调整预算,I will remain silent to avoid disagreements with others.,我会保持沉默，避免和大家产生分歧,A,0,1,0,0,0,0,0,0,0
China,Chinese,"I’m discussing holiday arrangements with my siblings, and everyone suggests going to a place that no one really likes. What do you think I should do?",我和我的兄弟姐妹讨论家里的节假日安排，大家都提议去一个大家都不喜欢的地方，你觉得我应该怎么做？,I will propose going to a place everyone likes and coordinate actively.,我会提议去一个大家都喜欢的地方，并主动协调,I will default to everyone’s choice to avoid creating conflict.,我会默认大家的选择，避免制造冲突,A,0,1,0,0,0,0,0,0,0
China,Chinese,"At work, I notice a colleague made an error during collaboration, which has affected the progress. What would you do?",在工作中，发现一个同事在合作中出现了错误，影响了进度，你会怎么做？,I will point out the issue to him in time and help him solve it.,我会及时告诉他问题所在，并帮助他解决,I will silently endure and continue with my own part.,我会默默忍受，继续做自己的部分,A,0,1,0,0,0,0,0,0,0
China,Chinese,"When I go shopping with my friends and see them buying things that are impractical and expensive, what should I do?",当我和朋友一起去购物，看到他们购买了一些不实用且价格昂贵的东西，我会怎么办？,I will suggest they not buy these things and propose more practical choices.,我会建议他们不要买这些东西，提出更实用的选择,I will choose to remain silent and let them decide for themselves.,我会选择保持沉默，让他们自己决定,A,0,1,0,0,0,0,0,0,0
China,Chinese,"When having lunch with colleagues, everyone is discussing whether to choose a healthy meal, and others prefer high-calorie foods. What would you do?",当你和同事一起共进午餐时，大家在讨论是否选择健康的餐点，其他人更倾向于选择高热量的食物，你会怎么做？,I will insist on choosing healthy meals and encourage everyone to make healthier choices together.,我会坚持选择健康的餐点，并鼓励大家一起做出更健康的选择,I will go with the flow and eat what others ordered.,我会随波逐流，吃其他人点的食物,A,0,1,0,0,0,0,0,0,0
China,Chinese,"At a small gathering with friends, everyone is talking about a movie I’m not interested in. What would you do?",和朋友一起参加一个小型聚会，大家都在讨论一部我不感兴趣的电影，你会怎么做？,I will propose discussing something I'm interested in or change the topic.,我会提议讨论我感兴趣的事情，或者改变话题,I will continue to listen and wait for the topic to change naturally.,我会继续倾听，等待话题自然转变,A,0,1,0,0,0,0,0,0,0
China,Chinese,"If I find that my roommate is not following the cleaning rules in the shared space, what would you do?",如果你发现你的室友在共享的空间里做得不符合清洁规定，你会怎么办？,I will directly tell him the importance of maintaining cleanliness and help clean together.,我会直接告诉他保持清洁的重要性，并与他一起整理,I will remain silent and quietly clean up.,我会保持沉默，自己默默打扫,A,0,1,0,0,0,0,0,0,0
China,Chinese,"When I meet someone I don’t like at a party, and everyone is talking about them, what would you do?",当你在聚会上遇到一个不喜欢的人，大家都在聊他的事情，你会怎么做？,I will express my dislike for him and provide reasons.,我会表达我不喜欢他，并提出理由,I will remain silent to avoid making the atmosphere awkward.,我会沉默，避免让气氛尴尬,A,0,1,0,0,0,0,0,0,0
China,Chinese,"During a company discussion about promotion opportunities, I believe I deserve a promotion, but the leader seems to favor someone else. What would you do?",在公司讨论升职机会时，你认为自己有资格获得提升，但发现领导更倾向于另一个人，你会怎么做？,I will express my interest in promotion to my leader and discuss my contributions.,我会向领导表明我对晋升的兴趣，并谈论我的贡献,I will accept the situation and not express my thoughts proactively.,我会接受现状，不主动表达我的想法,A,0,1,0,0,0,0,0,0,0
China,Chinese,"When planning a trip with friends, everyone decides to go somewhere far away, but I feel the budget is a bit high. What would you do?",和朋友一起计划旅行，大家都决定去一个很远的地方，但我觉得预算有些高，你会怎么办？,I will propose a more economical solution or consider a different destination.,我会提议更经济的方案，或者考虑不同的目的地,I will silently agree and avoid raising objections.,我会默默同意，避免提出异议,A,0,1,0,0,0,0,0,0,0
China,Chinese,"If I get interrupted by an impolite person during a gathering, what would you do?",如果你在一个聚会中被不礼貌的人打断，你会怎么做？,I will directly tell him that interrupting others is impolite.,我会直接告诉他打断别人说话是不礼貌的,I will swallow my frustration and continue discussing my own topic.,我会忍气吞声，继续谈自己的话题,A,0,1,0,0,0,0,0,0,0
China,Chinese,"At work, I’m dissatisfied with the attitude of a team member, and it’s affecting the project’s progress. What would you do?",在工作中，你对某个团队成员的工作态度不满，影响到项目进展，你会怎么办？,"I will communicate directly with him, express my concerns, and suggest improvements.",我会直接和他沟通，表达我的担忧并提出改进建议,I will silently bear the responsibility without directly pointing out the issue.,我会默默承担，不直接指出问题,A,0,1,0,0,0,0,0,0,0
China,Chinese,"When my boss asks me to do something I believe is inappropriate, what would you do?",当你的老板要求你做一件你认为不合适的事情时，你会怎么做？,I will explain my reasons to my boss and express my unwillingness to perform this task.,我会向老板解释我的理由，表达我不愿意执行这个任务,I will submissively accept the task and avoid rejecting it.,我会顺从地接受任务，避免拒绝,A,0,1,0,0,0,0,0,0,0
China,Chinese,"If I’m discussing a sensitive topic with friends, and everyone holds different views, what would you do?",如果你和朋友在一起讨论某个敏感话题，大家都持有不同观点，你会怎么做？,I will express my different opinions directly and respect theirs.,我会直接表达我的不同观点，并尊重他们的意见,I will avoid arguments and choose not to express my opinion.,我会避免争论，选择不发表看法,A,0,1,0,0,0,0,0,0,0
China,Chinese,"During a family gathering, when everyone discusses whether to improve certain arrangements at home, and I feel some things should be changed, what would you do?",在家庭聚会中，当大家讨论是否应该改进家里的一些安排时，你觉得某些地方应该改变，你会怎么做？,I will propose specific suggestions and push everyone to accept the change.,我会提出具体的建议，并推动大家接受变动,I will remain silent and not disrupt the existing arrangement.,我会保持沉默，不打破现有的安排,A,0,1,0,0,0,0,0,0,0
China,Chinese,"If I attend an event with friends, but I don’t like it or feel uncomfortable, what should I do?",如果你和朋友一起参加一个活动，但你觉得不喜欢或不舒服，你会怎么办？,I will tell them I don't like this activity and propose a better option for everyone.,我会告诉他们我不喜欢这个活动，并提出更适合大家的建议,"I will continue to participate even if I don't like it, without expressing dissatisfaction.",我会继续参加，即使我不喜欢，也不表达不满,A,0,1,0,0,0,0,0,0,0
China,Chinese,"In a team project, if the leader sets an unreasonable deadline and I know it’s impossible to complete, what would you do?",在一个团队项目中，领导要求一个不合理的截止日期，而你知道这根本无法完成，你会怎么办？,I will directly explain the actual situation to the leader and request a reasonable delay.,我会直接向领导说明实际情况，并请求合理的延迟,I will silently accept and try my best to complete the task.,我会默默接受，并尽力完成任务,A,0,1,0,0,0,0,0,0,0
China,Chinese,"If I don’t get the opportunity to speak during a scheduled meeting, what would you do?",如果你在约定的会议时间内没有得到应有的发言机会，你会怎么做？,I will actively ask for the floor and express my views.,我会主动要求发言，表达我的观点,I will wait until the meeting ends and not speak proactively.,我会等会议结束，不主动发言,A,0,1,0,0,0,0,0,0,0
China,Chinese,"Today, I went shopping with a friend. We passed by a store, and my friend wanted to go inside to look at clothes, but I actually wanted to go have coffee. Would I proactively suggest my idea?",今天，我和朋友一起逛街，我们经过了一家商店，朋友想进去看衣服，但我其实更想去喝咖啡。我会主动提出我的建议吗？,"I would quietly accompany my friend into the store, even though I don’t like it, because I don’t want to break the mood.",我会默默陪着朋友进商店，虽然不喜欢，但不想打破气氛。,I will directly tell my friend that I prefer to go have coffee and suggest that we can come to the store later.,我会直接告诉朋友我更想去喝咖啡，并提出我们可以之后再来商店。,B,0,,0,0,0,0,0,0,0
China,Chinese,"I went out for a meal with my family, and the restaurant was a bit noisy. I think we could change places. Would I silently endure it because I don’t want to disturb anyone?",我和家人一起外出聚餐，餐厅的环境有些嘈杂，我觉得我们可以换个地方。会不会因为不想打扰大家而默默忍受？,"I would endure it, even though it’s uncomfortable, because I consider everyone’s feelings.",我会忍耐，虽然不舒服，但考虑到大家的感受。,I will proactively suggest changing places and directly express my discomfort.,我会主动提出换个地方，直接表达我的不适。,B,0,,0,0,0,0,0,0,0
China,Chinese,"Today, I went to the cinema with a friend to watch a movie, but the plot disappointed me. Would I suggest changing the movie midway?",今天在电影院，我和朋友一起看电影，但电影的情节让我不太满意。我会在中途提出换场次的建议吗？,"I would endure watching until the end, trying not to affect my friend's viewing experience.",我会忍着看完，尽量不影响朋友的观影体验。,I will directly tell my friend that I don't like the movie and suggest changing the screening.,我会直接告诉朋友我不喜欢这部电影，建议换场次。,B,0,,0,0,0,0,0,0,0
China,Chinese,"I had plans with a friend to visit an exhibition this afternoon, but I suddenly thought of going somewhere farther to travel. Would I directly suggest changing the plan?",我和朋友约好了下午去看展览，但我临时想到可以去远一点的地方游玩。我会直接提议改变计划吗？,I would remain silent since my friend has already agreed to the original plan and would not suggest a change.,我会保持沉默，既然朋友已经同意了原计划，就不再提出改变。,I will directly propose going to a farther place and explain my interest in new locations.,我会直接提出去远一点的地方游玩，解释我对新地方的兴趣。,B,0,,0,0,0,0,0,0,0
China,Chinese,"I’m traveling with a friend, and we are discussing where to stay. Everyone has different opinions. Would I propose my choice and stick to my position?",我和朋友一起外出旅游，我们正在讨论住宿问题，大家有不同意见。我会提出自己的选择并坚持自己的立场吗？,"I would try to accommodate by choosing a place everyone likes, as I don’t want to create awkwardness.",我会尽量让步，选择大家最喜欢的地方，不想让气氛尴尬。,I will express my choice and stand by my position to gain everyone's support.,我会表达我的选择，站在我的立场上争取大家支持。,B,0,,0,0,0,0,0,0,0
China,Chinese,"I went grocery shopping with my family, and I noticed there was a pricing mistake on the items. Would I proactively inform the staff to correct it?",我和家人一起去超市购物，我发现购买的物品价格有误。我会主动告诉店员更正价格吗？,"I would silently accept it, even though there is a pricing error, because I feel like I shouldn’t trouble the staff.",我会默默接受，虽然价格错误，但觉得自己不应该麻烦店员。,I will directly tell the store staff that the price is incorrect and ask for a correction.,我会直接告诉店员价格错误并要求更正。,B,0,,0,0,0,0,0,0,0
China,Chinese,"I’m discussing a movie plot with my friend, and my friend insists that the protagonist is the villain, while I think he misunderstood the plot. Would I directly point out his mistake and explain my perspective?",我和朋友在讨论一个电影情节时，朋友坚持认为主角是坏人，而我认为他误解了电影的情节。我会直接指出他的错误并解释我的观点吗？,I would remain silent to avoid arguing with my friend.,我会保持沉默，避免与朋友发生争执。,I will directly correct my friend and explain my understanding.,我会直接纠正朋友，并解释我的理解。,B,0,,0,0,0,0,0,0,0
China,Chinese,"Today, I had a meal at a restaurant, and the dish I ordered was not only wrong in taste but also too greasy. When the waiter comes over to ask, how would I express my dissatisfaction?",今天在餐馆，我点了一道菜，结果端上来的菜不仅味道不对，还很油腻。当服务员过来询问时，我会怎么表达我的不满？,"I would reluctantly finish my meal, not wanting to bother the waiter.",我会勉强吃完，不想麻烦服务员。,I will tell the waiter that the dish does not suit my taste and ask for a replacement.,我会告诉服务员菜肴不合我的口味，并要求换一份。,B,0,,0,0,0,0,0,0,0
China,Chinese,"I’m discussing a movie plot with my friend, and my friend insists that the protagonist is the villain, while I think he misunderstood the plot. Would I directly point out his mistake and explain my perspective?",我和朋友在讨论某部电影时，朋友坚持认为主角是坏人，而我觉得他误解了电影的情节。我会直接指出他的错误并解释我的观点吗？,"I would let my friend continue, not wanting to argue, even though I have a different view.",我会让他继续说，我不想与他争执，虽然我有不同的看法。,I will proactively correct my friend's misunderstanding and share my point of view.,我会主动纠正朋友的误解，并分享我的观点。,B,0,,0,0,0,0,0,0,0
China,Chinese,"Today, I had dinner with a friend, and the service was quite slow. Would I proactively suggest improving the service?",今天，我和朋友一起吃晚餐，服务员的服务不太及时。我会主动提出改善建议吗？,"I would quietly wait, feeling like everyone is busy and I don’t want to add to their burden.",我会默默等，觉得大家已经很忙，不想增加他们的负担。,I will directly tell the waiter that the service is slow and hope they can speed up.,我会直接告诉服务员服务不及时，希望他能加快速度。,B,0,,0,0,0,0,0,0,0
China,Chinese,"I’m out with my friend, and someone proposes changing the route. I don’t agree. Would I directly express my dissatisfaction?",我和朋友一起外出游玩，途中有人提议改变路线，我不同意。我会直接表达自己的不满吗？,"I would remain silent, accepting the suggestion to change the route, even though I’m not very satisfied.",我会保持沉默，接受改变路线的提议，虽然我不太满意。,I will directly present my point of view and explain why I don't want to change the route.,我会直接提出我的观点，说明为什么不想改变路线。,B,0,,0,0,0,0,0,0,0
China,Chinese,"I’m discussing a holiday travel plan with my family, and everyone wants to go to a particular spot, but I think it’s too crowded. Would I suggest going somewhere else?",我和家人一起讨论假期旅游计划，大家都想去某个景点，但我觉得它过于拥挤。我会提议去其他地方吗？,"I would accept everyone’s decision, even though I don’t like it, because I don’t want to spoil the holiday mood.",我会接受大家的决定，虽然不喜欢，但不想破坏假期的氛围。,I will proactively suggest going to another place and explain why I think that attraction is not good.,我会主动提出去别的地方，解释为什么我认为那个景点不好。,B,0,,0,0,0,0,0,0,0
China,Chinese,"I’m shopping with a friend, and they are very interested in a particular item, but I think it’s not suitable. Would I directly tell them my thoughts?",我和朋友一起逛商场，朋友对一件商品非常感兴趣，但我觉得这件商品不合适。我会直接告诉他我的看法吗？,"I would quietly watch, not wanting to disrupt my friend’s shopping mood.",我会默默看着，不打破他挑选商品的心情。,I will directly tell my friend that this product may not be suitable for him and suggest he try a different style.,我会直接告诉朋友，这件商品可能不适合他，建议他换一个款式。,B,0,,0,0,0,0,0,0,0
China,Chinese,"Today, I went out to eat with my family, and the restaurant environment made me uncomfortable. Would I suggest going to a different place?",今天，我和家人一起吃饭，餐厅的环境让我有些不舒服。我会提议换一家餐馆吗？,"I would endure it, thinking that everyone has already chosen this store and I don’t want to create awkwardness.",我会忍耐，想着大家都已经选了这家店，不想让气氛变得尴尬。,I will directly tell my family that the restaurant's environment is uncomfortable and suggest changing to another one.,我会直接告诉家人餐厅的环境不舒服，建议换一家。,B,0,,0,0,0,0,0,0,0
China,Chinese,"I went on a picnic with my friends, and everyone brought food, but some of the food wasn’t to my liking. Would I directly tell everyone my preferences?",我和朋友一起去野餐，大家都带了食物，但有些人带的食物我不太喜欢。我会直接告诉大家我的偏好吗？,"I would silently accept it, not wanting to affect everyone’s mood.",我会默默接受，不想影响大家的心情。,I will tell everyone that I don't like certain foods and suggest they switch to ones I like.,我会告诉大家我不喜欢某些食物，并建议大家换一些我喜欢的。,B,0,,0,0,0,0,0,0,0
China,Chinese,"I’m at a work party with my colleagues, and everyone enjoys singing at KTV, but I’d prefer to go watch a movie instead. Would I express my different thoughts?",我和同事一起去公司举办的聚会，大家都喜欢去KTV唱歌，但我其实更想去看电影。我会表达我的不同想法吗？,"I would go along with everyone’s choice, even though I don’t like KTV, because I don’t want to cause conflict.",我会顺从大家的选择，虽然不太喜欢KTV，但不想引起矛盾。,I will proactively suggest changing the activity and propose going to see a movie.,我会主动提出换个活动，建议大家去看电影。,B,0,,0,0,0,0,0,0,0
China,Chinese,"Today, I encountered a salesman on the street who handed me a flyer and recommended a product. Would I directly tell him I’m not interested?",今天，我在街上遇到一个推销员，他递给我传单并推荐产品。我会直接告诉他我不感兴趣吗？,"I would take the flyer, even though I have no intention of buying, because I don’t want to embarrass the salesperson.",我会拿着传单，虽然不打算购买，但不想让推销员难堪。,I will directly tell the salesperson that I don't need this product.,我会直接告诉推销员我不需要这个产品。,B,0,,0,0,0,0,0,0,0
China,Chinese,"I’m doing housework with my family, and I think the tasks are not distributed fairly. Would I directly suggest redistributing the tasks?",我和家人一起做家务，大家分工合作时，我觉得某些任务分配不均。我会直接提出重新分配任务吗？,"I would quietly do my own task, even though I think it’s unfair, because I don’t want to cause disputes.",我会默默做自己的任务，虽然不公平，但不想引起争执。,I will directly point out the uneven task distribution and suggest redistributing them.,我会直接指出任务分配不均，建议大家重新分配。,B,0,,0,0,0,0,0,0,0
China,Chinese,"I’m at a party with my friends, and we’re discussing a particular topic, but I completely disagree with some people’s views. Would I boldly express my disagreement?",我和朋友一起参加聚会，大家在讨论某个话题时，我完全不同意某些人的看法。我会勇敢地表达我的不同意见吗？,"I would remain silent, trying to avoid conflict with everyone.",我会保持沉默，尽量避免与大家发生冲突。,I will directly express my differing opinion and engage in a debate with everyone.,我会直接表达我的不同看法，并与大家辩论。,B,0,,0,0,0,0,0,0,0
China,Chinese,"Today, I was eating at a restaurant and came across a dish I didn’t like. When the waiter asked me if I was satisfied, would I directly tell him the dish didn’t suit my taste and request a replacement?",今天，我在餐馆吃饭，遇到一道做得不合口味的菜肴，服务员问我是否满意。我会直接告诉服务员这道菜不合我口味并要求更换吗？,"I would endure finishing my meal, trying not to bother the waiter.",我会忍着吃完，尽量不麻烦服务员。,I will tell the waiter that the dish doesn't suit my taste and ask for a different dish.,我会告诉服务员菜不合口味，要求换成其他菜肴。,B,0,,0,0,0,0,0,0,0
China,Chinese,"I’m shopping with my family, and I noticed some products were priced incorrectly. Would I inform the supermarket staff to correct the price?",我和家人一起去超市购物，我发现有些商品的价格标错了。我会主动告诉超市人员更正吗？,"I would go along with my parents’ opinion, respecting their choice.",我会顺从父母的意见，尊重他们的选择。,I will proactively tell the staff that the price is incorrect and ask for a correction.,我会主动告诉工作人员价格错误，并要求更正。,B,0,,0,0,0,0,0,0,0
China,Chinese,"I’m traveling with my friends, and we’re discussing the destination, but I don’t agree with everyone. Would I directly suggest my favorite place and try to convince them?",我和朋友一起外出游玩，大家对于目的地有不同的意见。我会直接提议我喜欢的地方并争取大家的支持吗？,"I would accept everyone’s decision, even though I’d like to go earlier, because I don’t want to influence everyone’s thoughts.",我会接受大家的决定，虽然想早点去，但不想影响大家的想法。,I will proactively express my opinion and try to convince everyone to go to the place I like.,我会主动表达我的看法，争取大家去我喜欢的地方。,B,0,,0,0,0,0,0,0,0
China,Chinese,"I’m at a concert with my friends, and we can’t agree on whether to queue early. Would I suggest going earlier to secure better spots?",我和朋友一起去看演唱会，大家意见不统一，是否要提前去排队。我会提议早点去吗？,"I would compromise, respecting my family’s opinion and not insisting on my choice.",我会选择妥协，尊重家人意见，不坚持自己的选择。,I will directly suggest queuing earlier to secure a better spot.,我会直接提议提前排队，抢到更好的位置。,B,0,,0,0,0,0,0,0,0
China,Chinese,"I’m discussing holiday travel plans with my family, and everyone suggests different places. Would I proactively propose my favorite spot and stand by my choice?",我和家人一起讨论假期旅游计划，大家都推荐不同的地点。我会主动提出我喜欢的地方并坚持吗？,"I would silently accept it, even though I think it’s noisy, because I don’t want to disturb everyone.",我会默默接受，虽然觉得吵，但不想打扰大家。,I will directly suggest my favorite place and try to persuade everyone.,我会直接提出我最喜欢的地方，并试图说服大家。,B,0,,0,0,0,0,0,0,0
China,Chinese,"Today, I had dinner with my friends, and the restaurant’s atmosphere made me uncomfortable. Would I suggest changing the place to eat?",今天，我和朋友一起吃饭，餐厅的氛围让我感到不舒服。我会提议换个地方吃饭吗？,I would go along with everyone’s opinion and choose the place they prefer to stay.,我会顺从大家的意见，选择大家喜欢的住宿地点。,I will proactively suggest changing places and explain why I don't like this restaurant.,我会主动提出换个地方，解释为什么我不喜欢这家餐厅。,B,0,,0,0,0,0,0,0,0
China,Chinese,"I’m shopping with my friends, and they bought clothes I don’t really like. How would I suggest a different style?",我和朋友一起去购物，朋友买了我不太喜欢的衣服。我会如何建议他换一种风格？,"I would endure finishing my meal, even though I don’t like it, because I don’t want to bother the waiter.",我会忍着吃完，虽然不喜欢，但不想麻烦服务员。,I will directly tell my friend that I don't like this piece of clothing and suggest he try another one.,我会直接告诉朋友我不喜欢这件衣服，建议他换一件。,B,0,,0,0,0,0,0,0,0
China,Chinese,"I’m at a party with my friends, and we’re discussing popular celebrities, but I completely disagree with some people’s views. Would I directly share my opinion?",我和朋友去参加一个派对，大家都在讨论流行的明星，我完全不同意某些人的看法。我会直接发表我的意见吗？,"I would go along with everyone’s decision, even though I’d like to leave earlier, because I don’t want to change their minds.",我会顺从大家的决定，虽然想早点去，但不想改变他们的想法。,I will directly express my differing opinion and elaborate on my reasons.,我会直接提出我不同的看法，并阐述我的理由。,B,0,,0,0,0,0,0,0,0
China,Chinese,"I’m traveling with my parents, and everyone has different opinions about the route. Would I express my preferred route and stick to my position?",我和父母一起外出旅游，大家对路线有不同看法。我会表达我喜欢的路线并坚持自己的观点吗？,"I would accept everyone’s decision, even though I slightly disagree, because I don’t want to upset others.",我会接受大家的决定，尽管心里有些不同意，但不想让他人不开心。,I will proactively suggest my preferred route and defend my choice.,我会主动提出我喜欢的路线，并为我的选择辩护。,B,0,,0,0,0,0,0,0,0
China,Chinese,"Today, I watched a movie with my friends, and I found the plot a bit lengthy. Would I directly tell my family I didn’t like the movie?",今天，我和朋友一起去看电影，我觉得电影的情节有点冗长。我会直接告诉家人我不太喜欢这部电影吗？,"I would silently endure, not wanting to make the staff’s job harder by accepting imperfect items.",我会默默忍受，不想让工作人员麻烦，自己接受不完美的商品。,I will directly tell my friend which part of the movie I don't like and suggest changing the activity.,我会直接告诉朋友我不喜欢电影的部分，并建议换个活动。,B,0,,0,0,0,0,0,0,0
China,Chinese,"I’m traveling with my friends, and we’re discussing transportation. I think the train would be more comfortable, while my friend prefers flying. Would I suggest taking the train and try to persuade them?",我和朋友一起旅行，我们正讨论交通工具的选择。我觉得火车更舒适，而朋友偏好飞机。我会提议火车旅行并说服他吗？,"I would go along with everyone’s decision, even though I don’t like it, because I don’t want to break the mood.",我会接受大家的决定，虽然不喜欢，但不想打破气氛。,I will directly express my preference for trains and try to persuade my friend to accept my suggestion.,我会直接表达我偏好火车，并说服朋友接受我的提议。,B,0,,0,0,0,0,0,0,0
China,Chinese,"Today, I went to the supermarket with my family, and I noticed some items had poor quality. Would I proactively inform the staff to replace the items?",今天，我和家人一起去超市，我发现有些商品的质量不好。我会主动告诉工作人员更换商品吗？,"I would remain silent, not wanting to make the atmosphere tense.",我会保持沉默，不想让气氛变得紧张。,I will directly tell the staff about the quality issue with the product and request a replacement.,我会直接告诉工作人员商品质量问题，并要求更换。,B,0,,0,0,0,0,0,0,0
China,Chinese,"I’m at a concert with my friends, and no one wants to queue early. Would I proactively suggest going earlier to get better spots?",我和朋友一起去看演唱会，大家都不太想提前去排队。我会主动提议早点去抢到更好的位置吗？,"I would compromise, even though I don’t fully agree, because I don’t want to upset others.",我会顺从父母的意见，尊重他们的选择。,I will directly suggest going earlier to queue and secure good seats.,我会直接提出早点去排队，并争取好的座位。,B,0,,0,0,0,0,0,0,0
China,Chinese,"I’m at a restaurant with my family, and it’s too noisy. Would I suggest going to a quieter place?",我和家人一起去餐厅就餐，餐厅很吵，我会建议换个安静的地方吗？,"I would endure, not wanting to seem picky to everyone.",我会忍耐，不想让大家觉得我挑剔。,I will directly suggest moving to a quieter place to avoid noise disturbing our meal.,我会直接提出换个安静的地方，避免吵闹影响用餐。,B,0,,0,0,0,0,0,0,0
China,Chinese,"I’m traveling with my friends, and we’re discussing where to stay, but everyone has different opinions. Would I directly propose my choice and stick to my position?",我和朋友一起外出旅游，我们正在讨论住宿问题，大家有不同意见。我会提出自己的选择并坚持自己的立场吗？,"I would remain silent, even though I think it’s not ideal, because I don’t want to embarrass my friend.",我会保持沉默，虽然认为不好，但不想让朋友尴尬。,I will directly express my choice and try to convince everyone.,我会直接提出我的选择，并尝试说服大家。,B,0,,0,0,0,0,0,0,0
China,Chinese,"Today, I had dinner with my friends, and I didn’t like the taste of the dish. Would I directly tell the waiter that the dish wasn’t to my liking and ask for a replacement?",今天，我和朋友一起吃饭，我对菜品的味道有点不满意。我会直接告诉服务员这道菜不合我口味并要求更换吗？,"I would quietly listen, not wanting to interrupt others.",我会默默听着，不想打断别人。,I will directly tell the waiter that I am dissatisfied and ask for a different dish.,我会直接告诉服务员不满意并要求换菜。,B,0,,0,0,0,0,0,0,0
China,Chinese,"While discussing a vacation plan with my family, I’d prefer a warm beach destination, but everyone wants to go skiing. Would I give up suggesting my idea because I’m afraid it might affect the mood?",问题: 我和家人一起讨论度假计划时，我更喜欢去一个温暖的海滩，而大家都想去滑雪。会不会因为怕影响大家的情绪而放弃提议？,"I would choose to go along, silently accepting everyone’s choice.",我会选择顺从，默默接受大家的选择。,I will proactively suggest going to the beach and explain why I prefer it.,我会主动提出去海滩的想法，并解释为什么我更喜欢海滩。,B,0,,0,0,0,0,0,0,0
China,Chinese,"I’m having dinner with my friends, and the service attitude is poor. Would I directly complain to the manager?",我和朋友一起吃饭，餐厅的服务态度不太好，我会直接向经理投诉吗？,"I would endure, even though it’s not perfect, because I don’t want to break the mood.",我会忍耐，虽然觉得不完美，但不想打破氛围。,I will directly give feedback to the manager about the service issue and request improvement.,我会直接向经理反馈服务问题，要求改善。,B,0,,0,0,0,0,0,0,0
China,Chinese,"I’m discussing a project with my colleagues, and everyone has different opinions. Would I proactively present my proposal?",我和同事一起讨论一个项目，大家都有不同的意见，我会主动提出我的方案吗？,"I would remain silent, feeling that everyone’s opinions are already close enough.",我会保持沉默，觉得大家的意见已经差不多了。,I will actively present my proposal and hope everyone supports it.,我会积极提出我的方案，并希望大家支持。,B,0,,0,0,0,0,0,0,0
China,Chinese,"Today, I went shopping with my friends, and I saw a piece of clothing that was perfect for me. Would I proactively choose it and tell my friends?",今天，我和朋友一起逛街，看到一件衣服特别适合我，我会主动挑选并告诉朋友吗？,"I would hesitate, even though I like this piece of clothing, but I’m unsure if it’s worth buying.",我会犹豫，虽然喜欢这件衣服，但不确定是否值得买。,I will directly pick this piece of clothing and tell my friend that it suits me very well.,我会直接挑选这件衣服，告诉朋友这件非常适合我。,B,0,,0,0,0,0,0,0,0
China,Chinese,"I’m with my friends at the cinema, and after the movie, we discuss the plot. I have a different view. Would I proactively share my opinion?",我和朋友去看电影，电影结束后大家讨论情节时，我有不同的看法。我会主动提出我的观点吗？,"I would remain silent, avoiding a disagreement with my friend.",我会保持沉默，避免与朋友发生意见冲突。,I will directly share my opinion and explain why I have a different understanding.,我会直接分享我的看法，并解释为什么有不同的理解。,B,0,,0,0,0,0,0,0,0
China,Chinese,"I’m traveling with my family, and we need to decide where to stay. Everyone has different opinions. Would I directly present my choice and stick to it?",我和家人一起外出旅行，我们需要选择住宿地点，大家有不同看法。我会直接提出我的选择并坚持吗？,"I would accept everyone’s opinion, trying to avoid arguing.",我会接受大家的意见，尽量避免争论。,I will express my opinion and stand by my choice.,我会表达我的意见并坚持我的选择。,B,0,,0,0,0,0,0,0,0
China,Chinese,"I’m traveling with my friends, and we disagree on the route. Would I proactively suggest changing the route and explain my reasons?",我和朋友去旅行，我们的路线有所分歧。我会主动提出改变路线并解释我的理由吗？,"I would accept the current route, even though I’m not entirely satisfied, because I don’t want to cause unnecessary conflict.",我会接受现有路线，尽管心里不太满意，但不想引起不必要的冲突。,I will directly suggest changing the route and explain why it's better this way.,我会直接提出更改路线的建议，并说明为什么这样更好。,B,0,,0,0,0,0,0,0,0
China,Chinese,"Today, I went to a café with my friends, and the coffee was too weak. Would I tell the waiter to make a stronger coffee?",今天，我和朋友一起去咖啡馆，咖啡味道很淡。我会告诉服务员换一杯浓一点的咖啡吗？,"I would finish this cup of coffee, not wanting to trouble the waiter.",我会喝完这杯咖啡，不想麻烦服务员。,I will directly tell the waiter that the coffee is not strong enough and ask for a new cup.,我会直接告诉服务员咖啡不够浓，请换一杯。,B,0,,0,0,0,0,0,0,0
China,Chinese,"I’m at a gathering with my friends, and we’re discussing a social issue. I have a different view. How would I express my opinion?",我和朋友一起参加聚会，大家在讨论某个社会问题时，我有不同的观点。我会如何表达我的不同意见？,"I would remain silent, not wanting to make the atmosphere tense.",我会保持沉默，不想让气氛变得紧张。,I will directly present my opinion and discuss it with everyone.,我会直接提出我的看法并和大家讨论。,B,0,,0,0,0,0,0,0,0
China,Chinese,"I’m traveling with my friends, and someone suggests changing the route. I don’t agree. Would I directly express my opinion?",我和朋友一起外出旅行，途中有人提议改变路线，我并不认同。我会直接表达自己的看法吗？,"I would compromise, even though I don’t completely agree, because I don’t want to upset others.",我会选择妥协，虽然不完全认同，但不想让他人不开心。,I will directly express my thoughts and stick to the original route.,我会直接表达我的想法并坚持原来的路线。,B,0,,0,0,0,0,0,0,0
China,Chinese,"I’m doing housework with my family, and I think the tasks are unevenly distributed. Would I suggest redistributing the tasks?",我和家人一起做家务，大家分工合作时，我觉得有些任务分配不均。我会直接提出重新分配任务吗？,"I would endure, not wanting to seem picky.",我会忍耐，不想让大家觉得我挑剔。,I will directly propose redistributing the tasks to ensure fairness.,我会直接提议重新分配任务，确保公平。,B,0,,0,0,0,0,0,0,0
China,Chinese,"I’m shopping with my friends, and I noticed they bought clothes I didn’t think were suitable. How would I express my opinion?",我和朋友一起去商场，我发现朋友买了我认为不合适的衣服。我会如何表达我的看法？,"I would remain silent, even though I think it’s not ideal, because I don’t want to hurt my friend’s feelings.",我会保持沉默，虽然认为不好，但不想伤害朋友的感情。,I will tell my friend that this piece of clothing doesn't suit him and suggest he try another one.,我会告诉朋友这件衣服不适合他，并建议他换一件。,B,0,,0,0,0,0,0,0,0
China,Chinese,"I’m at a party with my friends, and everyone’s discussing a topic I’m not interested in. How would I change the subject?",我和朋友去参加一个派对，大家都在讨论某个话题，我完全没有兴趣。我会如何改变话题？,"I would quietly listen, not wanting to interrupt others.",我会默默听着，不想打断别人。,I will proactively change the topic and suggest discussing something I am interested in.,我会主动转移话题，提议讨论我感兴趣的内容。,B,0,,0,0,0,0,0,0,0
China,Chinese,"I’m traveling with my family, and everyone suggests visiting a spot I’m not interested in. Would I suggest going somewhere else?",我和家人一起外出旅行，大家提议去看一个我不感兴趣的景点。我会提议换个地方吗？,"I would choose to go along, silently accepting everyone’s choice.",我会选择顺从，默默接受大家的选择。,I will proactively suggest going to another place and explain why I don't like that attraction.,我会主动提出去其他地方，解释为什么我不喜欢那个景点。,B,0,,0,0,0,0,0,0,0
China,Chinese,"I’m attending an event with my friends, and the arrangement is a bit chaotic. Would I proactively offer suggestions to improve it?",我和朋友一起去参加一个活动，活动开始时我发现安排有些混乱。我会主动提出改进意见吗？,"I would endure, even though I think it’s not perfect, because I don’t want to break the mood.",我会忍耐，虽然觉得不完美，但不想打破氛围。,I will directly suggest improvements to the activity to make it go more smoothly.,我会直接提出活动改进的建议，希望大家可以更顺利地进行。,B,0,,0,0,0,0,0,0,0